pbkdf2_sha256$36000$YHAkF32J3uvR$dJlH63hXNDV/cQc+/Z6PNNTbO7F4ykfAMuMJE5N+Kbo=	2017-07-31 17:30:12.610558	1	James	Arnold	1	1	2017-06-29 18:22:59.871272	7108119882968748030	2017-06-29 18:23:00.086469		james@protu.co.uk	1
pbkdf2_sha256$36000$2hzV11A0FmP1$98btIimOIRR8BmkomycXqyqAertBs14PNk/uUEowiqM=		0	James	Arnold	0	1	2017-06-29 20:58:41.408084	7318631496626169286	2017-06-29 20:58:41.442202		james@eposnow.com	0
pbkdf2_sha256$36000$yeXgNK65C4MQ$j7UbjvGZngvaOghBZTy4s2mvDoqoIfsYdzEXnfVV3c4=		1	Nathan	Voller	1	1	2017-07-12 16:06:39.851625	4004781487744218998	2017-07-12 16:06:40.142135		nathan@pairgo.co.uk	1
pbkdf2_sha256$36000$OnL0R9ceD6RH$a9eLAoP18wCQu70IHNDb8J4tVmgGQ1ELfYJHJHZagWo=		0			0	1	2017-07-12 17:07:09.425953	3559350176472527245	2017-07-12 17:07:09.460636		test@test.com	0
pbkdf2_sha256$36000$qGtPUURroMUd$H41M0m1/TnX2Iw85zhLHXjqCFBk2ieoEDxlZS53F0B4=		0	Nathan	Voller	0	1	2017-07-12 17:12:50.435468	2736146944456569420	2017-07-12 17:12:50.502337		nathan.voller@me.com	0
pbkdf2_sha256$36000$NyHL1iSz5jsZ$ktnn+JKiCPDq+KLsZyQ+ZgFJSXWk7WJTJjP943WquX0=		1	James	Arnold	1	1	2017-07-31 17:13:39.986064	4435659265613279977	2017-07-31 17:13:40.292103		james@pairgo.co.uk	1
pbkdf2_sha256$36000$vTRFZbPjedm8$JerDjedcGVcE+tyR3kcjVj8SHACIjJ8Kzgrex2PtZfc=		0	Test	Tester	0	1	2017-08-01 17:38:53.027311	4246797210363628984	2017-08-01 17:38:53.097800		test@tester.com	0
pbkdf2_sha256$36000$0jQg7HXskzZB$oHjR9j0xGmIWWP0zRuOEt7HC9k2kjSe2jdj/IViz4+Y=		0	Tester	McTester	0	1	2017-08-01 17:40:00.484407	4337376134234497634	2017-08-01 17:40:00.552075		testtest@test.com	0
pbkdf2_sha256$36000$fR8Fu6HFVaZ4$CYLr3Oz6/Ql54crvRPsPzUhvOFG2vo4c8taaT87UMlg=		0			0	1	2017-08-05 16:25:46.972056	6090835656021215745	2017-08-05 16:25:47.010866		test5@test.com	0
pbkdf2_sha256$36000$BDSjOVrFE15Q$Sjshk204+YbhdL5EbEIvrvfo0oJL1YHSHXQhIuAULsk=		0			0	1	2017-08-05 16:26:44.869629	6791030217798853485	2017-08-05 16:26:44.909930		test8@test.com	0
pbkdf2_sha256$36000$iTGVTMlzyWUL$ZZpIGqnrmOmQc5hFPEzeOSH70rGbe8MBruJRlwWJN/0=		0			0	1	2017-08-05 16:29:08.676665	5190564366682309396	2017-08-05 16:29:08.712197		test9@test.com	0
pbkdf2_sha256$36000$cnPJz3P1vRIE$WQR1n/iC9F7RViqQ1z4Pw7dK/y/t9p+lC7gXCeYceFo=		0			0	1	2017-08-05 16:37:50.070209	8754016000908034822	2017-08-05 16:37:50.104681		test11@test.com	0
pbkdf2_sha256$36000$vCpDf7CUUAz4$K25FccPsDwNmZurY8lB06gp1YpBDoMtRTOXVqJcGeC8=		0			0	1	2017-08-05 16:41:59.245330	180479698160288650	2017-08-05 16:41:59.283776		test12@test.com	0
pbkdf2_sha256$36000$UuyE5vX1nglA$QIdEssuRNKNyNX2PJ535cK1dkDMf3VzdSRMZrEbY0vg=		0			0	1	2017-08-05 16:43:54.347383	1537057925411102699	2017-08-05 16:43:54.397673		test13@test.com	0
pbkdf2_sha256$36000$LUgAyETxQKRE$3ty4mJB8o96vpN9lUx3OKcAjUQ8yf6Cyp+dGty8Fstk=		0			0	1	2017-08-05 16:45:16.283261	2069167580243662318	2017-08-05 16:45:16.317915		test14@test.com	0
pbkdf2_sha256$36000$OzzJMgyjF5lA$8GY57Hk2mgI/49tqAxv5qYqgEVxa4a20CcbNvjQim0Q=		0			0	1	2017-08-05 16:46:39.152643	188465430663130349	2017-08-05 16:46:39.189559		test24@test.com	0
pbkdf2_sha256$36000$UQ7SP7FVk3KK$URIsJ7H2uUiGhosDPqwHguhq8q/FM+v6TdJoO5VTmIc=		0			0	1	2017-08-05 16:47:27.496026	4418729448526339093	2017-08-05 16:47:27.530923		test25@test.com	0
pbkdf2_sha256$36000$aocazTJGr5U3$lQ04CNTofaPH9mGL2aBHs17Q1arbu9g+k2JMklymS4o=		0			0	1	2017-08-05 16:48:49.451200	7497417919627861410	2017-08-05 16:48:49.491509		test26@test.com	0
pbkdf2_sha256$36000$k7jgg0ANOfL7$TKiu8NGnPP/qpfIh0b2o13T0Yl7uLb2LDdbTMEJezIA=		0			0	1	2017-08-05 16:50:24.486949	2014423925978506980	2017-08-05 16:50:24.521686		test27@test.com	0
pbkdf2_sha256$36000$hMBnXLKSUDY8$fmMqRuy83+D63lL0FMR6Mm/IYv9iwHyPS29zE3u6LzQ=		0			0	1	2017-08-05 16:51:36.796575	1766972788032609840	2017-08-05 16:51:36.833647		test28@test.com	0
pbkdf2_sha256$36000$sQQx8c4QCoDK$fHbi2jqWOSd31tcD0HjZwWPFkmIyMOFCaZYr9XK7gaY=		0			0	1	2017-08-05 16:53:40.970940	5368056059629376117	2017-08-05 16:53:41.006072		test29@test.com	0
pbkdf2_sha256$36000$eFU7DrhShJOy$yKXwI2MUapEWzYuq3zLCv0ldyD3RSNsVxS0y5nYkZPY=		0			0	1	2017-08-05 16:54:37.496858	336736523066223427	2017-08-05 16:54:37.532203		test30@test.com	0
pbkdf2_sha256$36000$d6oNnByIfEyM$3Yt+XNz4LQPAw06sRV1w8i/8roIcc61I32XISlTCrBQ=		0			0	1	2017-08-05 16:55:53.076066	8143067479876657431	2017-08-05 16:55:53.125240		test31@test.com	0
pbkdf2_sha256$36000$wy5kdQRIfWYA$G0JHyokpxOuv9O19dvzea3+Q2DZLu/SUnkElDfXX2yw=		0			0	1	2017-08-05 16:57:29.755014	2705755797633606466	2017-08-05 16:57:29.791898		test32@test.com	0
pbkdf2_sha256$36000$PmxyymIKCQ4Y$kxQTfDYHkW154e2iz+cQTHEp3Rl7pdPdHV+XlIbJvTE=		0			0	1	2017-08-05 17:00:35.037471	6644356374495949125	2017-08-05 17:00:35.075362		test33@test.com	0
pbkdf2_sha256$36000$wpx8BQ7prinN$/DpU5JQSpEnVVirUlZ+VjmWNaadMD0Nvdu8rKoWHVXM=		0			0	1	2017-08-05 17:01:37.955247	2341112907073774961	2017-08-05 17:01:38.010463		test34@test.com	0
pbkdf2_sha256$36000$dKHyTqqEMsZX$UvIMaemYYcxs3GLylZEFSsW/izmricd+A215Xi+e3CU=		0			0	1	2017-08-05 17:02:34.027126	852516691342118812	2017-08-05 17:02:34.062338		test35@test.com	0
pbkdf2_sha256$36000$ZJroZNdTLv4l$B5YCY6oJhVsbbfum3iUH2ptqGhvioDRnIdONK4yeP/o=		0			0	1	2017-08-05 17:05:15.607000	9114504210079459151	2017-08-05 17:05:15.657168		test36@test.com	0
pbkdf2_sha256$36000$VxvPMTtyQNEE$+17aes54lIVPeQe8WZoPAjY0U47NzhqYC3YK9/eXAj0=		0			0	1	2017-08-05 17:06:53.985111	4885095055777929866	2017-08-05 17:06:54.032058		test37@test.com	0
pbkdf2_sha256$36000$bKUVP5jZHE4q$Lk3aYdwLSx2M+YsC/RZiTwGwQVr5sCmarlrlXHG59bM=		0			0	1	2017-08-05 17:08:10.336407	6833457537297714770	2017-08-05 17:08:10.370477		test38@test.com	0
pbkdf2_sha256$36000$Fyw6HyXm9I8i$AYIQEnKcneJzZBIjXR5nZYf2mrsDeZaQGGRYN32BGSs=		0			0	1	2017-08-05 17:09:11.545704	6897130384703685983	2017-08-05 17:09:11.579825		test39@test.com	0
pbkdf2_sha256$36000$JzGI52fTUjG0$U8ICjmKqzpGnqC4lf6HkBLr3C3/usgWKDI3wkyL9iVk=		0			0	1	2017-08-05 17:10:41.256651	3848414934706480318	2017-08-05 17:10:41.308314		test40@test.com	0
pbkdf2_sha256$36000$KUTGs5hq5qJB$8vHTK+d/M2pXNNgXmy6HIfWG12ORTiQ/kEEORYFIEcM=		0	Jimmy	Test	0	1	2017-08-05 17:15:26.030691	7302094586591068477	2017-08-05 17:15:26.095533		something@something.com	0
pbkdf2_sha256$36000$YAHuuYLTjRap$5ZLiX70JDHPT895bQySAP3XTN7BOoA8oHKtrwLp4x0o=		0			0	1	2017-08-05 17:17:10.386572	6045239220153472749	2017-08-05 17:17:10.421518		test41@test.com	0
pbkdf2_sha256$36000$FoSM5MEXeBjv$xmnJcdVDbuLg1rkVvO/YknPBR+WA/ZproEGsUDN4jR0=		0			0	1	2017-08-05 17:18:13.879917	7953468755921792642	2017-08-05 17:18:13.916062		test42@test.com	0
pbkdf2_sha256$36000$iXKzzIeCb4nt$FlRcoSjZpsKym7iyb7JBbwOxBOGl6vllVX4YYnfbw+M=		0			0	1	2017-08-05 17:20:32.110545	3710679717036975601	2017-08-05 17:20:32.146045		test43@test.com	0
pbkdf2_sha256$36000$fx1r8GQQk8Uw$4zfnUPRLgTwmUA5u1HgAxv0qWUP31Wps+KUYd8rwd4g=		0			0	1	2017-08-05 17:24:08.381096	5043840002178112274	2017-08-05 17:24:08.416569		test44@test.com	0
pbkdf2_sha256$36000$bA9ucFWAQf8z$3RZDIIRFxxYpcnFY5jrOdNZHVEyGlVVzQgQS3Bx/QQs=		0	Nathan	Voller	0	1	2017-08-05 18:06:45.943634	1935179894182700359	2017-08-05 18:06:46.009860		something@dick.com	0
pbkdf2_sha256$36000$Kmp9RPRdGWbV$s6gN+zmz9wcWPRGP5O8DMjaasYr+36EKiZhz5LAu0M8=		0	Jimmy	Test	0	1	2017-08-05 18:13:20.421861	2238963320306004590	2017-08-05 18:13:20.484849		something@me.com	0
pbkdf2_sha256$36000$9xWE8AK0XoKn$shdAkxNet5C/JSEHYOEX5HLgcVwO2q66lQAB3k4j8Tc=		0	Nathan	Voller	0	1	2017-08-05 18:20:26.265247	703846691412849309	2017-08-05 18:20:26.319781		nathan.vo@me.com	0
pbkdf2_sha256$36000$TxMPDsppE3me$i6WghUCQWgXYENdBwJSAi5JU8sai/j4W/bdYAI87QAk=		0			0	1	2017-08-05 18:20:44.844054	1015766300060985596	2017-08-05 18:20:44.876944		test45@test.com	0
pbkdf2_sha256$36000$sN3ow66WEpbn$N6WfR9FxVbYdDipjb73Z4Tb8+Y5BedMAqmGi3t/PjiM=		0	Nathan	Voller	0	1	2017-08-05 18:22:29.262279	7527770703750678418	2017-08-05 18:22:29.328695		something@meeee.com	0
pbkdf2_sha256$36000$iy3rpJvOn2JL$LPZ/rKJ1WKSaUcltgs1y0UD7V942tzlbbMCGe3LQmow=		0	James	Arnold	0	1	2017-08-05 18:24:52.051032	7427940359010614924	2017-08-05 18:24:52.112361		james@me.com	0
pbkdf2_sha256$36000$NQnjqtPlWa4C$Y+3WRkdUsl1U8+lfsS7nXLGdbyuaexO9i3AivAqtFyE=		0	Nathan	Test	0	1	2017-08-05 18:30:02.408332	6134047219576214028	2017-08-05 18:30:02.478423		test@tester.comm	0
pbkdf2_sha256$36000$LZUmvpQdwwtl$P1IuJznj5Z2rsz1wNxLJLt0qoOtSxFMBg5WtJls16ks=		0	Nathan	Shit	0	1	2017-08-05 18:31:10.438115	800711720233577453	2017-08-05 18:31:10.503696		tests@tests.comm	0
pbkdf2_sha256$36000$HdaKoOluCmGj$HEPqw1rTn/psctWLUqVsjNtAYj62nXDTeux/GG6eGec=		0	Nathan	Voller	0	1	2017-08-05 18:35:54.804285	4456296242048494608	2017-08-05 18:35:54.871555		nathan.voller@meme.com	0
pbkdf2_sha256$36000$sARHntfnP1JS$CQtDaN4Ivgr+L5n2vCS4feJZredtVLIp3Guw5/45rBA=		0	Nathan	VOller	0	1	2017-08-05 18:40:54.857303	5951034483935313	2017-08-05 18:40:54.905514		ECMAshit@dick.com	0
pbkdf2_sha256$36000$4SvvlH0meg1K$zua8Tey6/P4Tjwhfmek08Jic7JE0MJNlvcZ0gN2hqXI=		0			0	1	2017-08-06 16:35:42.161192	6855372547740901	2017-08-06 16:35:42.232701		testemail@test.com	0
pbkdf2_sha256$36000$sOXo1FGUJPf9$Wt6hxbwWUtt1frMyJFme2Bd33ljIie9lj/fWsKmAsNE=		0			0	1	2017-08-07 10:59:29.978797	1925528529975413	2017-08-07 10:59:30.015554		hello@company.com	0
pbkdf2_sha256$36000$diPtomBQFZV7$CdIZPp+bGusm8xOInVIPAJrRf05y9BOKc4009FD7Ug8=		0	Nathan	Vo	0	1	2017-08-07 11:54:51.951313	4169452148217639	2017-08-07 11:54:52.014968		chick@123.com	0
pbkdf2_sha256$36000$OmftTLUfUSrm$2tOGHcb3sSDj3pkW1pODRFl44+rnFiJ5h9i4+D/qMP0=		0	Nathan	Voller	0	1	2017-08-07 12:08:08.820069	1087142401128950	2017-08-07 12:08:08.888925		n.vovo@me.com	0
pbkdf2_sha256$36000$6FDtxetsbCiG$fxBj5yd3a7rbxoQB5/ZU2WNm+dY71E5SzTIZRmnJWy4=		0	Nathan	Voller	0	1	2017-08-07 12:10:18.741640	1455951342137241	2017-08-07 12:10:18.808150		nathan.vovovo@me.com	0
pbkdf2_sha256$36000$VfGNq3tUOKF5$Koqjp6f54b0VDbDcmDiq13iLTw/+UcovDDnFdLBHrjY=		0	Nono	vovo	0	1	2017-08-07 12:17:53.130239	2350803132819899	2017-08-07 12:17:53.180206		nonovovo@me.com	0
pbkdf2_sha256$36000$RiRSNOHO7baE$YVbFVRO6zQGE3VXRMzRh2axECh8VRB9gkKq1rKPeFFc=		0	nathan	agjhj	0	1	2017-08-07 17:21:45.981769	8140625994259060	2017-08-07 17:21:46.026954		nathn@me.com	0
pbkdf2_sha256$36000$ECR3e4cGza5Q$ms9OPgUA2ueCCv2EqxFlMPBVOHcTg/e263oIdFnQrLI=		0	nathan	voller	0	1	2017-08-07 17:28:05.972181	5319423581877855	2017-08-07 17:28:06.037566		natjahtjb@me.com	0
pbkdf2_sha256$36000$1TwJuUsLDsHc$x+UmFw41qr+hXGu7MkgATHzj6almD3ehwjbjRcwnR4I=		0	nathan	ajdghi	0	1	2017-08-07 17:29:37.954788	1748204911016381	2017-08-07 17:29:38.024601		nathan@me.com	0
pbkdf2_sha256$36000$xbGGyJ1eNYW6$EtYsNrq7RioIVd9hwIH0JeieTVWYPUN2KOWlM054lOk=		0	nathan	volle	0	1	2017-08-07 17:34:37.952617	1213102188257613	2017-08-07 17:34:37.989765		chris@me.com	0
pbkdf2_sha256$36000$3CArTpV5cOyD$R2TZ3z5WJFqKQ8stlmTGSlAECe/3qivDqV1jfEvuBZI=		0	nathan	agtjaehg	0	1	2017-08-07 17:40:16.803536	5955142342783903	2017-08-07 17:40:16.845606		google@me.com	0
pbkdf2_sha256$36000$w6jARIIm3sdy$/H5p3b3Vis+rzczLqrUj/5xAfEZu7zRJHBz7Tn30VlI=		0	ajoghj	asgjhajh	0	1	2017-08-07 17:40:40.376918	8426284697050435	2017-08-07 17:40:40.413155		aojhgaeoj@me.com	0
pbkdf2_sha256$36000$jXybdbTMfKml$Qg6mhflrwjpVAjzcCL/xeudArfiwrgFrcGjP7yQgGZ8=		0	nathan	gaushgiuh	0	1	2017-08-07 17:42:02.410616	354511577187425	2017-08-07 17:42:02.479505		asghaiu@me.com	0
pbkdf2_sha256$36000$oWqgCymgpql3$H1snTkDEjWwQZQ4EP8WhWtHN6CuqboM7KtrYfJ7YbKI=		0	najthbj	akhgbhj	0	1	2017-08-07 17:44:04.424201	2692459034726089	2017-08-07 17:44:04.469275		nathn@m.com	0
pbkdf2_sha256$36000$EAUO1EJ9E1Pe$zySEbTdTrIc34nKmn339XCu4yY9PAcBZmE3NX5fQC4Y=		0	asgkjhu	ajghkjh	0	1	2017-08-07 17:45:23.299850	8182339391833984	2017-08-07 17:45:23.334848		nah@me.com	0
pbkdf2_sha256$36000$kPQlVcO6PRw3$I2UYm5X/aMhIPqx9fnhTwMYzlToDcSg9XuBoDgP9Oxs=		0	Nathan	Vo	0	1	2017-08-08 15:08:43.389350	5936411103879084	2017-08-08 15:08:43.454899		chicken@me.com	0
pbkdf2_sha256$36000$OOhuEHnT1A75$1ueY+HgaZdJ4uIe3ofvbAPkzf98SX3JAZpcwjtV6f/c=		0	nathan	vovovovovovov	0	1	2017-08-08 15:14:15.879411	6321862797214758	2017-08-08 15:14:15.939230		chicken1@me.com	0
pbkdf2_sha256$36000$8NzpkBX61l1N$LdnqMnzrOOgxQmwHa/WOLcflu/EU4Xlzz9wbxEaHuzc=		0	nathan	vovov	0	1	2017-08-08 15:18:15.441261	1104033509767633	2017-08-08 15:18:15.509056		chicken2@me.cpm	0
pbkdf2_sha256$36000$4AWZm44GQQpr$iieCVod56ER9Sr/73j7t9GdY19Y/8TMg/cFvGtZw1YU=		0	test	test	0	1	2017-08-08 15:23:13.978618	6810934524393775	2017-08-08 15:23:14.049111		test@test.commmm	0
pbkdf2_sha256$36000$0Fp5KV7iRBla$v7pZcCRX1hgDDUbv5O2m/8in+POqKT5e547g2nZBu1k=		0	nathan	voller	0	1	2017-08-08 15:27:23.061463	8509197055163474	2017-08-08 15:27:23.124489		nathanv.oeoeoel@me.com	0
pbkdf2_sha256$36000$rullIKgE09vG$zHp7TdcCzFyHDG5KJBMKU1ZbkUutHjhXNB1OxxLTyzU=		0	nathan	voller	0	1	2017-08-08 15:32:14.882927	4208503064143824	2017-08-08 15:32:14.948766		hellohello1@meeee.com	0
pbkdf2_sha256$36000$p5hwt9wWeheK$q//+WRIeJfiFstVMB2BuJStzd+rLowRvaXDCBg/DuuM=		0	natedogg	vovo	0	1	2017-08-08 15:34:03.853767	7648793878931969	2017-08-08 15:34:03.920232		hellohello23@me.commm	0
pbkdf2_sha256$36000$LNbIX7BpAZ6g$XSVHNBPMvJZw/w93gH8M+s2tpfYY0QcLn3CujxnMGFo=		0	Nathan	Voller	0	1	2017-08-08 15:38:34.838970	513607658077631	2017-08-08 15:38:34.904938		tester@tester.co.uk	0
pbkdf2_sha256$36000$Q5RZJHjYQQH7$r1ojtGXw4bpD92e/nJatc8FyvhtW5RK9JBnqUJ3DRjw=		0	Nathan	Voller	0	1	2017-08-08 17:27:41.506674	1497367774084124	2017-08-08 17:27:41.574789		test@test.co.uk	0
pbkdf2_sha256$36000$K4f43rQNRkPJ$b2mXN1gwuS2yj+pGLmYKDUOS9fumXdUErAHGb+zPnro=		0	nathan	voller	0	1	2017-08-08 17:31:57.840339	5427616896385005	2017-08-08 17:31:57.903307		testtest@test.co.uk	0
pbkdf2_sha256$36000$dX1PabidCcOt$ejAiyjjVXHDv6FShmq7mDFlCJ/ZccwXpKiwR5B5B7x4=		0	nathan	voller	0	1	2017-08-08 18:26:31.216582	8877467330943939	2017-08-08 18:26:31.283427		testtetsetetet@me.com	0
pbkdf2_sha256$36000$SAHhLSnVtYUI$v6BDDvk0APenJvXmxpYxV05JB1I0/ts8dsbSUVAO9do=		0	Test	Employer	0	1	2017-08-09 13:00:56.672955	4794894018072795	2017-08-09 13:00:56.735258		emp@emp.co.uk	0
pbkdf2_sha256$36000$ZAWwHjJOyg70$ZHxTrGQYn0z84qqYZKf+DEY7CFAdg7Sys1d1GPK71Q0=		0			0	1	2017-08-15 17:14:49.849071	8021713811188167	2017-08-15 17:14:53.603046		yames@pairgo.co.uk	0
pbkdf2_sha256$36000$w5aSr1NsnR6m$0eL1LG/2CIlgfDsNlyKzPaMUPkcrnFdBpey3BPvPjNc=		0			0	1	2017-08-15 17:35:49.593062	7994529171114196	2017-08-15 17:35:49.659071		mames@test.com	0
pbkdf2_sha256$36000$dTgrD1UzPbr4$SLlGLN0aWgOTAXIXAmkFdZ5VZMhvcddv04u/dxF5jxU=		0	Test1	Test1	0	1	2017-08-15 18:15:22.344537	4343622510975846	2017-08-15 18:15:22.409779		test1@test.co.uk	0
pbkdf2_sha256$36000$0MeS2aHZeQyl$QLB5AKYBMF/N4cA5UT/mKyz/O5KVmVOT16JfRIEnxe8=		0	Test	Test	0	1	2017-08-15 19:19:22.966778	6951921579351851	2017-08-15 19:19:23.026308		test2@test.co.uk	0
pbkdf2_sha256$36000$9loD6cJ8or4O$ZxlhVU8YcGlUs0QtEiejIYvzdERUKsumUoHv3nj+YfQ=		0	Test	Test	0	1	2017-08-15 19:28:26.995255	7300034782460625	2017-08-15 19:28:27.064908		test3@test.co.uk	0
pbkdf2_sha256$36000$pFC8dJZKWImv$+6BYbEgLG4hcJlPU3YOZem/y0iX6jTQUkB4F5ffV5gE=		0	Tom	Test	0	1	2017-08-17 18:07:44.498084	3806417814780865	2017-08-17 18:07:44.584669		test4@test.co.uk	0
pbkdf2_sha256$36000$2vPTr7Pe31r5$qe6imz1xjuTT3BVl7cB0W70EK/f2Pb32XAA15G50Ydo=		0	Tom	Test	0	1	2017-08-17 18:17:54.378698	7273644321528161	2017-08-17 18:17:54.446128		test5@test.co.uk	0
pbkdf2_sha256$36000$2kYwv27gDjwB$tJKKYEHUw0yiJWyvFwhLMdvn8v4mdCW3CL3x8Ch9xaY=		0	Tom	Test	0	1	2017-08-17 18:32:47.082457	2593630373934368	2017-08-17 18:32:47.149238		test6@test.co.uk	0
pbkdf2_sha256$36000$OOLITZjRlU1l$fW3wdoWOnY1ZS4Ga3DrjtPJE4z0bKvkE6oKREjjAWXc=		0	Tom	Test	0	1	2017-08-17 18:34:21.904710	1457227147920209	2017-08-17 18:34:21.972872		test7@test.co.uk	0
pbkdf2_sha256$36000$xIABE4n9OFcv$pOApA+ZiA/0PRtWPJa+yRzEFlx7HX6LxXdkBiczv7iU=		0	Daniel	Cortez	0	1	2017-08-18 13:11:58.078946	778914796885000	2017-08-18 13:11:58.113096		colombussucks@aol.com	0
pbkdf2_sha256$36000$KDf1cHCge3gp$uhiQAWRkfc653DPDVZz+KGEjBCaCAIy2kX2QGFK1zxc=		0	Hello	Test	0	1	2017-08-18 13:57:59.349460	2614549474411890	2017-08-18 13:57:59.412549		test9@test.co.uk	0
pbkdf2_sha256$36000$11vxZkbH6yG1$WHM8JfIef5uznFlToeN7CeW04EDAqQfOMXxiCxIW2NY=		0	Tom	Test	0	1	2017-08-21 15:11:11.361144	6350878387787891	2017-08-21 15:11:11.438193		test11@test.co.uk	0
